{"therapist.list":true,"therapist.create":true,"therapist.view":true,"therapist.update":true,"therapist.delete":true,"therapist.time_edit":true,"profile.update":true,"customer.list":true,"customer.create":true,"customer.update":true,"customer.delete":true,"customer.view":true,"receptionist.list":true,"receptionist.create":true,"receptionist.update":true,"receptionist.delete":true,"receptionist.view":true,"appointment.list":true,"appointment.status":true,"prescription.show":true,"invoice.show":true,"api.create":true,"api.list":true,"api.delete":true,"api.update":true,"setting.edit":true,"membership.list":true,"membership.create":true,"membership.update":true,"membership.delete":true,"transaction.list":true,"transaction.show":true,"transaction.create":true,"transaction.update":true,"transaction.delete":true,"invoice.list":true,"invoice.create":true,"invoice.update":true,"invoice.delete":true,"invoice.edit":true,"invoice.invoice_pdf":true,"invoice.review":true,"customermember.list":true,"customermember.create":true,"customermember.update":true,"customermember.delete":true}
